{"cameraMode":{"drawMode":0,"name":"Shaded","section":"Shading Mode"},"sceneLighting":false,"audioPlay":false,"sceneViewState":{"showFog":true,"showMaterialUpdate":false,"showSkybox":true,"showFlares":true,"showImageEffects":true,"showParticleSystems":true},"in2DMode":false,"pivot":{"x":-41.69792175292969,"y":-186.57745361328126,"z":-16.403587341308595},"rotation":{"x":0.6355390548706055,"y":-0.01623508520424366,"z":0.013347945176064968,"w":0.7719100713729858},"size":312.333740234375,"orthographic":false}